<?xml version="1.0" encoding="UTF-8" ?>
<!DOCTYPE configuration
PUBLIC "-//mybatis.org//DTD Config 3.0//EN"
"http://www.mybatis.org/dtd/mybatis-3-config.dtd">
<configuration>
    <typeAliases>
        <typeAlias alias="Auser" type="po.Auser"/>
        <typeAlias alias="Goods" type="po.Goods"/>
        <typeAlias alias="GoodsType" type="po.GoodsType"/>
        <typeAlias alias="Notice" type="po.Notice"/>
        <typeAlias alias="Buser" type="po.Buser"/>
        <typeAlias alias="Order" type="po.OrderBase"/>
        <typeAlias alias="Advertise" type="po.Advertise"/>
     </typeAliases>
	 <mappers>
        <mapper resource="mybatis/admin/AdminGoodsMapper.xml"/>
        <mapper resource="mybatis/admin/AdminMapper.xml"/>
        <mapper resource="mybatis/admin/AdminTypeMapper.xml"/>
        <mapper resource="mybatis/admin/AdminNoticeMapper.xml"/>
        <mapper resource="mybatis/admin/AdminUserMapper.xml"/>
       	<mapper resource="mybatis/admin/AdminOrderMapper.xml"/>
       	<mapper resource="mybatis/admin/AdvertiseMapper.xml"/>
       	
        <mapper resource="mybatis/before/IndexMapper.xml"/>
        <mapper resource="mybatis/before/UserMapper.xml"/>
        <mapper resource="mybatis/before/CartMapper.xml"/>
       	<mapper resource="mybatis/before/OrderMapper.xml"/>
       	<mapper resource="mybatis/before/UserCenterMapper.xml"/>
 	</mappers>
</configuration>

