﻿<?xml version="1.0" encoding="UTF-8" ?>
<!DOCTYPE mapper
PUBLIC "-//mybatis.org//DTD Mapper 3.0//EN"
"http://mybatis.org/dtd/mybatis-3-mapper.dtd">
<mapper namespace="dao.CartDao">
	<!-- 关注商品 -->
	<insert id="focus" parameterType="map">
		insert into focus(focus_id, goods_id, buser_id,focustime) values (null, #{gid}, #{uid},now())
	</insert>
	<!-- 是否已关注 -->
	<select id="isFocus" parameterType="map" resultType="map">
		select * from focus where goods_id=#{gid}  and buser_id=#{uid}
	</select>
	<!-- 是否已添加购物车 -->
	<select id="isPutCart" parameterType="map" resultType="map">
		select * from cart where goods_id=#{gid}  and buser_id=#{uid}
	</select>
	<!-- 添加购物车 -->
	<insert id="putCart" parameterType="map">
		insert into cart(cart_id, buser_id,goods_id,shoppingnum) values (null, #{uid}, #{gid}, #{shoppingnum})
	</insert>
	<!-- 更新购物车 -->
	<update id="updateCart" parameterType="map">
		update cart set shoppingnum=shoppingnum+#{shoppingnum} where buser_id=#{uid} and goods_id=#{gid}
	</update>
	<!-- 查询购物车 -->
	<select id="selectCart" parameterType="Integer" resultType="map">
		select gt.goods_id, gt.gname, gt.gpicture, gt.grprice, ct.shoppingnum, ct.shoppingnum*gt.grprice smallsum 
		from GOODS gt, CART ct where gt.goods_id=ct.goods_id and ct.buser_id=#{id}
	</select>
	<!-- 删除购物车 -->
	<delete id="deleteAgoods" parameterType="map">
		delete from cart where buser_id=#{uid} and goods_id=#{gid}
	</delete>
		<!-- 清空购物车 -->
	<delete id="clear" parameterType="Integer">
		delete from cart where buser_id=#{uid} 
	</delete>
</mapper>