<?xml version="1.0" encoding="UTF-8" ?>
<!DOCTYPE mapper
PUBLIC "-//mybatis.org//DTD Mapper 3.0//EN"
"http://mybatis.org/dtd/mybatis-3-mapper.dtd">
<mapper namespace="dao.IndexDao">
	<!-- 查询销售排行 -->
	<select id="getSaleOrder" resultType="map">
		select sum(od.SHOPPINGNUM)
		shopnumber,
		gd.goods_id goods_id,
		gd.GNAME gname,
		gd.GOPRICE goprice,
		gd.GRPRICE grprice,
		gd.GPICTURE gpicture
		from GOODS gd LEFT JOIN ORDERDETAIL od ON
		od.goods_id=gd.goods_id
		group by
		gd.goods_id,
		gd.GNAME,
		gd.GOPRICE,
		gd.GRPRICE,
		gd.GPICTURE
		order by shopnumber desc limit 10
	</select>
	<!-- 人气排行 -->
	<select id="getFocusOrder" resultType="map">
		select count(ft.goods_id)
		fn, gt.goods_id goods_id, gt.gname gname,
		gt.grprice grprice, gt.gpicture gpicture
		from GOODS gt
		LEFT JOIN FOCUS ft ON ft.goods_id=gt.goods_id
		group by gt.goods_id, gt.gname, gt.grprice, gt.gpicture
		order by fn desc limit 10
	</select>
	<!-- 公告 -->
	<select id="selectNotice" resultType="Notice">
		select * from notice order
		by ntime desc limit 3
	</select>
	<!-- 广告 -->
	<select id="selectAdvertise" resultType="Advertise">
		select * from advertise order
		by adtime desc
	</select>
	<!-- 最新商品 -->
	<select id="getLastedGoods" resultType="Goods" parameterType="Goods">
		select gt.*, gy.typename from GOODS gt,GOODSTYPE gy where
		gt.goodstype_id = gy.goodstype_id
		<if test="goods_id != 0">
			and gy.goodstype_id = #{id}
		</if>
		order by gt.goods_id desc limit 15
	</select>
	<!-- 根据id查询一个商品 -->
	<select id="selectGoodsById" resultType="Goods" parameterType="Integer">
		select gt.*,gy.typename from goods gt,goodstype gy where
		gt.goods_id=#{id} and gt.goodstype_id = gy.goodstype_id
	</select>
	<!-- 首页搜索 -->
	<select id="search" resultType="Goods" parameterType="String">
		select
		gt.*, gy.typename from GOODS gt,GOODSTYPE gy where gt.goodstype_id =
		gy.goodstype_id
		and gt.gname like concat('%',#{mykey},'%')
	</select>
</mapper>