<?xml version="1.0" encoding="UTF-8" ?>
<!DOCTYPE mapper
PUBLIC "-//mybatis.org//DTD Mapper 3.0//EN"
"http://mybatis.org/dtd/mybatis-3-mapper.dtd">
<mapper namespace="dao.OrderDao">
	<!-- 添加一个订单，成功后将主键值回填给id（po类的属性）-->
	<insert id="addOrder" parameterType="Order" keyProperty="orderbase_id" useGeneratedKeys="true">
		insert into orderbase (buser_id, amount, status, orderdate) values (#{buser_id}, #{amount}, 0, now())
	</insert>
	<!-- 生成订单详情 -->
	<insert id="addOrderDetail" parameterType="map">
		insert into ORDERDETAIL (orderbase_id, goods_id, SHOPPINGNUM) select #{ordersn}, goods_id, SHOPPINGNUM from CART where buser_id = #{uid} 
	</insert>
	<!-- 查询商品购买量，以便更新库存使用 -->
	<select id="selectGoodsShop"  parameterType="Integer" resultType="map">
		select shoppingnum gshoppingnum, goods_id gid from cart where buser_id=#{uid}
	</select>
	<!-- 更新商品库存 -->
	<update id="updateStore" parameterType="map">
		update GOODS set GSTORE=GSTORE-#{gshoppingnum} where goods_id=#{gid} 
	</update>
	<!-- 清空购物车 -->
	<delete id="clear" parameterType="Integer">
		delete from cart where buser_id=#{uid} 
	</delete>
	<!-- 支付订单 -->
	<update id="pay" parameterType="Integer">
		update orderbase set status=1 where orderbase_id=#{ordersn}
	</update>
</mapper>