<?xml version="1.0" encoding="UTF-8" ?>
<!DOCTYPE mapper
PUBLIC "-//mybatis.org//DTD Mapper 3.0//EN"
"http://www.mybatis.org/dtd/mybatis-3-mapper.dtd">
<mapper namespace="dao.AdminNoticeDao">
	<select id="deleteNoticeSelect"  resultType="Notice" >
		select * from notice
	</select>
	<insert id="addNotice" parameterType="Notice">
		insert into notice (notice_id,title,content,ntime) 
		values (null,#{title},#{content},now())
	</insert>
	<delete id="deleteNotice" parameterType="Integer">
		delete from notice where notice_id = #{notice_id}
	</delete>
	<select id="selectANotice"  resultType="Notice" parameterType="Integer">
		select * from notice where notice_id = #{notice_id}
	</select> 
</mapper>