<?xml version="1.0" encoding="UTF-8" ?>
<!DOCTYPE mapper
PUBLIC "-//mybatis.org//DTD Mapper 3.0//EN"
"http://www.mybatis.org/dtd/mybatis-3-mapper.dtd">
<mapper namespace="dao.AdvertiseDao">
	<!-- 查询所有广告信息 -->
	<select id="deleteAdvertiseSelect" resultType="Advertise">
		select * from advertise
	</select>
	<!-- 查询一个广告 -->
	<select id="selectAAdvertise" parameterType="Integer" resultType="Advertise">
		select * from advertise where ad_id=#{ad_id}
	</select>
	<!-- 删除广告 -->
	<delete id="deleteAdvertise" parameterType="Integer">
		delete from
		advertise where ad_id = #{ad_id}
	</delete>
	<!-- 添加广告 -->
	<insert id="adadvertise" parameterType="Advertise">
		insert into advertise
		(ad_id,adname,adcontext,adtime,adimage,goodstype_id)
		values (null, #{adname}, #{adcontext}, now(), #{adimage}, #{goodstype_id})
	</insert>
</mapper>